cu_num,token,model_dim,inter_dim,expert,topk,act_type,dtype,q_dtype_a,q_dtype_w,q_type,use_g1u1,doweight_stage1,block_m,ksplit,us1,kernelName1,err1,us2,kernelName2,err2,us,run_1stage,tflops,bw,_tag,gfx,xbf16,flat
256,1,7168,256,384,8,ActivationType.Silu,torch.bfloat16,torch.float4_e2m1fn_x2,torch.float4_e2m1fn_x2,QuantType.per_1x32,1,0,16,0,27.779,flydsl_mxmoe_g1_a4w4_16x256x256_f16in_nt,0.0,0.0,flydsl_mxmoe_g2_a4w4_16x256x256_atomic,0.0,27.779,0,0.0,0.0,,gfx950,0,0
256,2,7168,256,384,8,ActivationType.Silu,torch.bfloat16,torch.float4_e2m1fn_x2,torch.float4_e2m1fn_x2,QuantType.per_1x32,1,0,16,0,29.1217,flydsl_mxmoe_g1_a4w4_16x256x256_f16in_nt,0.0,0.0,flydsl_mxmoe_g2_a4w4_16x256x256_atomic,0.0,29.1217,0,0.0,0.0,,gfx950,0,0
256,4,7168,256,384,8,ActivationType.Silu,torch.bfloat16,torch.float4_e2m1fn_x2,torch.float4_e2m1fn_x2,QuantType.per_1x32,1,0,16,0,31.982,flydsl_mxmoe_g1_a4w4_16x256x256_f16in_nt,0.0,0.0,flydsl_mxmoe_g2_a4w4_16x256x256_atomic,0.0,31.982,0,0.0,0.0,,gfx950,0,0
256,8,7168,256,384,8,ActivationType.Silu,torch.bfloat16,torch.float4_e2m1fn_x2,torch.float4_e2m1fn_x2,QuantType.per_1x32,1,0,16,0,39.5245,flydsl_mxmoe_g1_a4w4_16x256x256_f16in_nt,0.0,0.0,flydsl_mxmoe_g2_a4w4_16x256x256_atomic,0.0,39.5245,0,0.0,0.0,,gfx950,0,0
256,16,7168,256,384,8,ActivationType.Silu,torch.bfloat16,torch.float4_e2m1fn_x2,torch.float4_e2m1fn_x2,QuantType.per_1x32,1,0,16,0,54.8653,flydsl_mxmoe_g1_a4w4_16x256x256_f16in_nt,0.0,0.0,flydsl_mxmoe_g2_a4w4_16x256x256_atomic,0.0,54.8653,0,0.0,0.0,,gfx950,0,0
256,32,7168,256,384,8,ActivationType.Silu,torch.bfloat16,torch.float4_e2m1fn_x2,torch.float4_e2m1fn_x2,QuantType.per_1x32,1,0,16,0,96.0477,flydsl_mxmoe_g1_a4w4_16x256x256_f16in_nt,0.0,0.0,flydsl_mxmoe_g2_a4w4_16x256x256_atomic,0.0,96.0477,0,0.0,0.0,,gfx950,0,0
256,64,7168,256,384,8,ActivationType.Silu,torch.bfloat16,torch.float4_e2m1fn_x2,torch.float4_e2m1fn_x2,QuantType.per_1x32,1,0,16,0,146.1392,flydsl_mxmoe_g1_a4w4_16x256x256_f16in_nt,0.0,0.0,flydsl_mxmoe_g2_a4w4_16x256x256_atomic,0.0,146.1392,0,0.0,0.0,,gfx950,0,0
256,128,7168,256,384,8,ActivationType.Silu,torch.bfloat16,torch.float4_e2m1fn_x2,torch.float4_e2m1fn_x2,QuantType.per_1x32,1,0,16,0,176.3242,flydsl_mxmoe_g1_a4w4_16x256x256_f16in_nt,0.0,0.0,flydsl_mxmoe_g2_a4w4_16x256x256_atomic_nt,0.0,176.3242,0,0.0,0.0,,gfx950,0,0
256,256,7168,256,384,8,ActivationType.Silu,torch.bfloat16,torch.float4_e2m1fn_x2,torch.float4_e2m1fn_x2,QuantType.per_1x32,1,0,16,0,192.7765,flydsl_mxmoe_g1_a4w4_16x256x256_f16in_nt,0.0,0.0,flydsl_mxmoe_g2_a4w4_16x256x256_atomic_nt,0.0,192.7765,0,0.0,0.0,,gfx950,0,0
256,512,7168,256,384,8,ActivationType.Silu,torch.bfloat16,torch.float4_e2m1fn_x2,torch.float4_e2m1fn_x2,QuantType.per_1x32,1,0,32,0,218.7797,flydsl_mxmoe_g1_a4w4_32x256x256_nt,0.0,0.0,flydsl_mxmoe_g2_a4w4_32x256x256_atomic_nt,0.0,218.7797,0,0.0,0.0,,gfx950,0,0
256,1024,7168,256,384,8,ActivationType.Silu,torch.bfloat16,torch.float4_e2m1fn_x2,torch.float4_e2m1fn_x2,QuantType.per_1x32,1,0,32,0,268.0385,flydsl_mxmoe_g1_a4w4_32x256x256_nt,0.0,0.0,flydsl_mxmoe_g2_a4w4_32x256x256_atomic_nt,0.0,268.0385,0,0.0,0.0,,gfx950,0,0
256,2048,7168,256,384,8,ActivationType.Silu,torch.bfloat16,torch.float4_e2m1fn_x2,torch.float4_e2m1fn_x2,QuantType.per_1x32,1,0,64,0,387.829,flydsl_mxmoe_g1_a4w4_64x256x256,0.0,0.0,flydsl_mxmoe_g2_a4w4_64x256x256_cshuffle,0.0,387.829,0,0.0,0.0,,gfx950,0,0
256,4096,7168,256,384,8,ActivationType.Silu,torch.bfloat16,torch.float4_e2m1fn_x2,torch.float4_e2m1fn_x2,QuantType.per_1x32,1,0,128,0,489.8796,flydsl_mxmoe_g1_a4w4_128x256x256,0.0,0.0,flydsl_mxmoe_g2_a4w4_128x256x256_f4out,0.0,489.8796,0,0.0,0.0,,gfx950,0,0
256,8192,7168,256,384,8,ActivationType.Silu,torch.bfloat16,torch.float4_e2m1fn_x2,torch.float4_e2m1fn_x2,QuantType.per_1x32,1,0,128,0,894.0265,flydsl_mxmoe_g1_a4w4_128x256x256,0.0,0.0,flydsl_mxmoe_g2_a4w4_128x256x256,0.0,894.0265,0,0.0,0.0,,gfx950,0,0
256,16384,7168,256,384,8,ActivationType.Silu,torch.bfloat16,torch.float4_e2m1fn_x2,torch.float4_e2m1fn_x2,QuantType.per_1x32,1,0,128,0,1528.6796,flydsl_mxmoe_g1_a4w4_128x256x256,0.0,0.0,flydsl_mxmoe_g2_a4w4_128x256x256,0.0,1528.6796,0,0.0,0.0,,gfx950,0,0
256,32768,7168,256,384,8,ActivationType.Silu,torch.bfloat16,torch.float4_e2m1fn_x2,torch.float4_e2m1fn_x2,QuantType.per_1x32,1,0,128,0,2737.995,flydsl_mxmoe_g1_a4w4_128x256x256,0.0,0.0,flydsl_mxmoe_g2_a4w4_128x256x256,0.0,2737.995,0,0.0,0.0,,gfx950,0,0
256,1,7168,512,384,8,ActivationType.Silu,torch.bfloat16,torch.float4_e2m1fn_x2,torch.float4_e2m1fn_x2,QuantType.per_1x32,1,0,16,0,28.9011,flydsl_mxmoe_g1_a4w4_16x256x256_f16in_nt,0.0,0.0,flydsl_mxmoe_g2_a4w4_16x256x256_atomic,0.0,28.9011,0,0.0,0.0,,gfx950,0,0
256,2,7168,512,384,8,ActivationType.Silu,torch.bfloat16,torch.float4_e2m1fn_x2,torch.float4_e2m1fn_x2,QuantType.per_1x32,1,0,16,0,32.1915,flydsl_mxmoe_g1_a4w4_16x256x256_f16in_nt,0.0,0.0,flydsl_mxmoe_g2_a4w4_16x256x256_atomic,0.0,32.1915,0,0.0,0.0,,gfx950,0,0
256,4,7168,512,384,8,ActivationType.Silu,torch.bfloat16,torch.float4_e2m1fn_x2,torch.float4_e2m1fn_x2,QuantType.per_1x32,1,0,16,0,40.2373,flydsl_mxmoe_g1_a4w4_16x256x256_f16in_nt,0.0,0.0,flydsl_mxmoe_g2_a4w4_16x256x256_atomic,0.0,40.2373,0,0.0,0.0,,gfx950,0,0
256,8,7168,512,384,8,ActivationType.Silu,torch.bfloat16,torch.float4_e2m1fn_x2,torch.float4_e2m1fn_x2,QuantType.per_1x32,1,0,16,0,62.2162,flydsl_mxmoe_g1_a4w4_16x256x256_f16in_nt,0.0,0.0,flydsl_mxmoe_g2_a4w4_16x256x256_atomic,0.0,62.2162,0,0.0,0.0,,gfx950,0,0
256,16,7168,512,384,8,ActivationType.Silu,torch.bfloat16,torch.float4_e2m1fn_x2,torch.float4_e2m1fn_x2,QuantType.per_1x32,1,0,16,0,101.4389,flydsl_mxmoe_g1_a4w4_16x256x256_f16in_nt,0.0,0.0,flydsl_mxmoe_g2_a4w4_16x256x256_atomic,0.0,101.4389,0,0.0,0.0,,gfx950,0,0
256,32,7168,512,384,8,ActivationType.Silu,torch.bfloat16,torch.float4_e2m1fn_x2,torch.float4_e2m1fn_x2,QuantType.per_1x32,1,0,16,0,194.7474,flydsl_mxmoe_g1_a4w4_16x256x256_f16in_nt,0.0,0.0,flydsl_mxmoe_g2_a4w4_16x256x256_atomic_nt,0.0,194.7474,0,0.0,0.0,,gfx950,0,0
256,64,7168,512,384,8,ActivationType.Silu,torch.bfloat16,torch.float4_e2m1fn_x2,torch.float4_e2m1fn_x2,QuantType.per_1x32,1,0,16,0,268.5081,flydsl_mxmoe_g1_a4w4_16x256x256_f16in_nt,0.0,0.0,flydsl_mxmoe_g2_a4w4_16x256x256_atomic_nt,0.0,268.5081,0,0.0,0.0,,gfx950,0,0
256,128,7168,512,384,8,ActivationType.Silu,torch.bfloat16,torch.float4_e2m1fn_x2,torch.float4_e2m1fn_x2,QuantType.per_1x32,1,0,16,0,329.9337,flydsl_mxmoe_g1_a4w4_16x256x256_f16in_nt,0.0,0.0,flydsl_mxmoe_g2_a4w4_16x256x256_atomic_nt,0.0,329.9337,0,0.0,0.0,,gfx950,0,0
256,256,7168,512,384,8,ActivationType.Silu,torch.bfloat16,torch.float4_e2m1fn_x2,torch.float4_e2m1fn_x2,QuantType.per_1x32,1,0,16,0,362.5241,flydsl_mxmoe_g1_a4w4_16x256x256_f16in_nt,0.0,0.0,flydsl_mxmoe_g2_a4w4_16x256x256_atomic_nt,0.0,362.5241,0,0.0,0.0,,gfx950,0,0
256,512,7168,512,384,8,ActivationType.Silu,torch.bfloat16,torch.float4_e2m1fn_x2,torch.float4_e2m1fn_x2,QuantType.per_1x32,1,0,32,0,386.0405,flydsl_mxmoe_g1_a4w4_32x256x256_nt,0.0,0.0,flydsl_mxmoe_g2_a4w4_32x256x256_atomic_nt,0.0,386.0405,0,0.0,0.0,,gfx950,0,0
256,1024,7168,512,384,8,ActivationType.Silu,torch.bfloat16,torch.float4_e2m1fn_x2,torch.float4_e2m1fn_x2,QuantType.per_1x32,1,0,32,0,422.7294,flydsl_mxmoe_g1_a4w4_32x256x256_nt,0.0,0.0,flydsl_mxmoe_g2_a4w4_32x256x256_atomic_nt,0.0,422.7294,0,0.0,0.0,,gfx950,0,0
256,2048,7168,512,384,8,ActivationType.Silu,torch.bfloat16,torch.float4_e2m1fn_x2,torch.float4_e2m1fn_x2,QuantType.per_1x32,1,0,64,0,548.0376,flydsl_mxmoe_g1_a4w4_64x256x256,0.0,0.0,flydsl_mxmoe_g2_a4w4_64x256x256_atomic_nt,0.0,548.0376,0,0.0,0.0,,gfx950,0,0
256,4096,7168,512,384,8,ActivationType.Silu,torch.bfloat16,torch.float4_e2m1fn_x2,torch.float4_e2m1fn_x2,QuantType.per_1x32,1,0,128,0,691.1115,flydsl_mxmoe_g1_a4w4_128x256x256,0.0,0.0,flydsl_mxmoe_g2_a4w4_128x256x256,0.0,691.1115,0,0.0,0.0,,gfx950,0,0
256,8192,7168,512,384,8,ActivationType.Silu,torch.bfloat16,torch.float4_e2m1fn_x2,torch.float4_e2m1fn_x2,QuantType.per_1x32,1,0,64,0,1254.6007,flydsl_mxmoe_g1_a4w4_64x256x256,0.0,0.0,flydsl_mxmoe_g2_a4w4_64x256x256_cshuffle,0.0,1254.6007,0,0.0,0.0,,gfx950,0,0
256,16384,7168,512,384,8,ActivationType.Silu,torch.bfloat16,torch.float4_e2m1fn_x2,torch.float4_e2m1fn_x2,QuantType.per_1x32,1,0,128,0,1803.3708,flydsl_mxmoe_g1_a4w4_128x256x256,0.0,0.0,flydsl_mxmoe_g2_a4w4_128x256x256_f4out,0.0,1803.3708,0,0.0,0.0,,gfx950,0,0
256,32768,7168,512,384,8,ActivationType.Silu,torch.bfloat16,torch.float4_e2m1fn_x2,torch.float4_e2m1fn_x2,QuantType.per_1x32,1,0,128,0,3389.2208,flydsl_mxmoe_g1_a4w4_128x256x256,0.0,0.0,flydsl_mxmoe_g2_a4w4_128x256x256_f4out,0.0,3389.2208,0,0.0,0.0,,gfx950,0,0
256,1,7168,512,385,9,ActivationType.Silu,torch.bfloat16,torch.float4_e2m1fn_x2,torch.float4_e2m1fn_x2,QuantType.per_1x32,1,0,16,0,29.1908,flydsl_mxmoe_g1_a4w4_16x256x256_f16in_nt,0.0,0.0,flydsl_mxmoe_g2_a4w4_16x256x256_atomic,0.0,29.1908,0,0.0,0.0,,gfx950,0,0
256,2,7168,512,385,9,ActivationType.Silu,torch.bfloat16,torch.float4_e2m1fn_x2,torch.float4_e2m1fn_x2,QuantType.per_1x32,1,0,16,0,33.0858,flydsl_mxmoe_g1_a4w4_16x256x256_f16in_nt,0.0,0.0,flydsl_mxmoe_g2_a4w4_16x256x256_atomic,0.0,33.0858,0,0.0,0.0,,gfx950,0,0
256,4,7168,512,385,9,ActivationType.Silu,torch.bfloat16,torch.float4_e2m1fn_x2,torch.float4_e2m1fn_x2,QuantType.per_1x32,1,0,16,0,42.2188,flydsl_mxmoe_g1_a4w4_16x256x256_f16in_nt,0.0,0.0,flydsl_mxmoe_g2_a4w4_16x256x256_atomic,0.0,42.2188,0,0.0,0.0,,gfx950,0,0
256,8,7168,512,385,9,ActivationType.Silu,torch.bfloat16,torch.float4_e2m1fn_x2,torch.float4_e2m1fn_x2,QuantType.per_1x32,1,0,16,0,81.1604,flydsl_mxmoe_g1_a4w4_16x256x256_f16in_nt,0.0,0.0,flydsl_mxmoe_g2_a4w4_16x256x256_atomic,0.0,81.1604,0,0.0,0.0,,gfx950,0,0
256,16,7168,512,385,9,ActivationType.Silu,torch.bfloat16,torch.float4_e2m1fn_x2,torch.float4_e2m1fn_x2,QuantType.per_1x32,1,0,16,0,114.3771,flydsl_mxmoe_g1_a4w4_16x256x256_f16in_nt,0.0,0.0,flydsl_mxmoe_g2_a4w4_16x256x256_atomic,0.0,114.3771,0,0.0,0.0,,gfx950,0,0
256,32,7168,512,385,9,ActivationType.Silu,torch.bfloat16,torch.float4_e2m1fn_x2,torch.float4_e2m1fn_x2,QuantType.per_1x32,1,0,16,0,198.2434,flydsl_mxmoe_g1_a4w4_16x256x256_f16in_nt,0.0,0.0,flydsl_mxmoe_g2_a4w4_16x256x256_atomic_nt,0.0,198.2434,0,0.0,0.0,,gfx950,0,0
256,64,7168,512,385,9,ActivationType.Silu,torch.bfloat16,torch.float4_e2m1fn_x2,torch.float4_e2m1fn_x2,QuantType.per_1x32,1,0,16,0,283.7867,flydsl_mxmoe_g1_a4w4_16x256x256_f16in_nt,0.0,0.0,flydsl_mxmoe_g2_a4w4_16x256x256_atomic_nt,0.0,283.7867,0,0.0,0.0,,gfx950,0,0
256,128,7168,512,385,9,ActivationType.Silu,torch.bfloat16,torch.float4_e2m1fn_x2,torch.float4_e2m1fn_x2,QuantType.per_1x32,1,0,16,0,337.3199,flydsl_mxmoe_g1_a4w4_16x256x256_f16in_nt,0.0,0.0,flydsl_mxmoe_g2_a4w4_16x256x256_atomic_nt,0.0,337.3199,0,0.0,0.0,,gfx950,0,0
256,256,7168,512,385,9,ActivationType.Silu,torch.bfloat16,torch.float4_e2m1fn_x2,torch.float4_e2m1fn_x2,QuantType.per_1x32,1,0,16,0,363.0676,flydsl_mxmoe_g1_a4w4_16x256x256_f16in_nt,0.0,0.0,flydsl_mxmoe_g2_a4w4_16x256x256_atomic_nt,0.0,363.0676,0,0.0,0.0,,gfx950,0,0
256,512,7168,512,385,9,ActivationType.Silu,torch.bfloat16,torch.float4_e2m1fn_x2,torch.float4_e2m1fn_x2,QuantType.per_1x32,1,0,32,0,408.3381,flydsl_mxmoe_g1_a4w4_32x256x256_nt,0.0,0.0,flydsl_mxmoe_g2_a4w4_32x256x256_atomic_nt,0.0,408.3381,0,0.0,0.0,,gfx950,0,0
256,1024,7168,512,385,9,ActivationType.Silu,torch.bfloat16,torch.float4_e2m1fn_x2,torch.float4_e2m1fn_x2,QuantType.per_1x32,1,0,32,0,428.4782,flydsl_mxmoe_g1_a4w4_32x256x256_nt,0.0,0.0,flydsl_mxmoe_g2_a4w4_32x256x256_atomic_nt,0.0,428.4782,0,0.0,0.0,,gfx950,0,0
256,2048,7168,512,385,9,ActivationType.Silu,torch.bfloat16,torch.float4_e2m1fn_x2,torch.float4_e2m1fn_x2,QuantType.per_1x32,1,0,64,0,567.0911,flydsl_mxmoe_g1_a4w4_64x256x256,0.0,0.0,flydsl_mxmoe_g2_a4w4_64x256x256_atomic_nt,0.0,567.0911,0,0.0,0.0,,gfx950,0,0
256,4096,7168,512,385,9,ActivationType.Silu,torch.bfloat16,torch.float4_e2m1fn_x2,torch.float4_e2m1fn_x2,QuantType.per_1x32,1,0,128,0,732.0379,flydsl_mxmoe_g1_a4w4_128x256x256,0.0,0.0,flydsl_mxmoe_g2_a4w4_128x256x256,0.0,732.0379,0,0.0,0.0,,gfx950,0,0
256,8192,7168,512,385,9,ActivationType.Silu,torch.bfloat16,torch.float4_e2m1fn_x2,torch.float4_e2m1fn_x2,QuantType.per_1x32,1,0,128,0,1306.9646,flydsl_mxmoe_g1_a4w4_128x256x256,0.0,0.0,flydsl_mxmoe_g2_a4w4_128x256x256,0.0,1306.9646,0,0.0,0.0,,gfx950,0,0
256,16384,7168,512,385,9,ActivationType.Silu,torch.bfloat16,torch.float4_e2m1fn_x2,torch.float4_e2m1fn_x2,QuantType.per_1x32,1,0,128,0,2027.708,flydsl_mxmoe_g1_a4w4_128x256x256,0.0,0.0,flydsl_mxmoe_g2_a4w4_128x256x256_f4out,0.0,2027.708,0,0.0,0.0,,gfx950,0,0
256,32768,7168,512,385,9,ActivationType.Silu,torch.bfloat16,torch.float4_e2m1fn_x2,torch.float4_e2m1fn_x2,QuantType.per_1x32,1,0,128,0,3713.6712,flydsl_mxmoe_g1_a4w4_128x256x256,0.0,0.0,flydsl_mxmoe_g2_a4w4_128x256x256_f4out,0.0,3713.6712,0,0.0,0.0,,gfx950,0,0
256,1,7168,256,385,9,ActivationType.Silu,torch.bfloat16,torch.float4_e2m1fn_x2,torch.float4_e2m1fn_x2,QuantType.per_1x32,1,0,16,0,30.7929,flydsl_mxmoe_g1_a4w4_16x256x256_f16in_nt,0.0,0.0,flydsl_mxmoe_g2_a4w4_16x256x256_atomic_nt,0.0,30.7929,0,0.0,0.0,,gfx950,0,0
256,2,7168,256,385,9,ActivationType.Silu,torch.bfloat16,torch.float4_e2m1fn_x2,torch.float4_e2m1fn_x2,QuantType.per_1x32,1,0,16,0,29.4335,flydsl_mxmoe_g1_a4w4_16x256x256_f16in_nt,0.0,0.0,flydsl_mxmoe_g2_a4w4_16x256x256_atomic,0.0,29.4335,0,0.0,0.0,,gfx950,0,0
256,4,7168,256,385,9,ActivationType.Silu,torch.bfloat16,torch.float4_e2m1fn_x2,torch.float4_e2m1fn_x2,QuantType.per_1x32,1,0,16,0,33.5344,flydsl_mxmoe_g1_a4w4_16x256x256_f16in_nt,0.0,0.0,flydsl_mxmoe_g2_a4w4_16x256x256_atomic,0.0,33.5344,0,0.0,0.0,,gfx950,0,0
256,8,7168,256,385,9,ActivationType.Silu,torch.bfloat16,torch.float4_e2m1fn_x2,torch.float4_e2m1fn_x2,QuantType.per_1x32,1,0,16,0,40.9754,flydsl_mxmoe_g1_a4w4_16x256x256_f16in_nt,0.0,0.0,flydsl_mxmoe_g2_a4w4_16x256x256_atomic,0.0,40.9754,0,0.0,0.0,,gfx950,0,0
256,16,7168,256,385,9,ActivationType.Silu,torch.bfloat16,torch.float4_e2m1fn_x2,torch.float4_e2m1fn_x2,QuantType.per_1x32,1,0,16,0,62.1032,flydsl_mxmoe_g1_a4w4_16x256x256_f16in_nt,0.0,0.0,flydsl_mxmoe_g2_a4w4_16x256x256_atomic,0.0,62.1032,0,0.0,0.0,,gfx950,0,0
256,32,7168,256,385,9,ActivationType.Silu,torch.bfloat16,torch.float4_e2m1fn_x2,torch.float4_e2m1fn_x2,QuantType.per_1x32,1,0,16,0,96.3556,flydsl_mxmoe_g1_a4w4_16x256x256_f16in_nt,0.0,0.0,flydsl_mxmoe_g2_a4w4_16x256x256_atomic,0.0,96.3556,0,0.0,0.0,,gfx950,0,0
256,64,7168,256,385,9,ActivationType.Silu,torch.bfloat16,torch.float4_e2m1fn_x2,torch.float4_e2m1fn_x2,QuantType.per_1x32,1,0,16,0,153.9553,flydsl_mxmoe_g1_a4w4_16x256x256_f16in_nt,0.0,0.0,flydsl_mxmoe_g2_a4w4_16x256x256_atomic,0.0,153.9553,0,0.0,0.0,,gfx950,0,0
256,128,7168,256,385,9,ActivationType.Silu,torch.bfloat16,torch.float4_e2m1fn_x2,torch.float4_e2m1fn_x2,QuantType.per_1x32,1,0,16,0,178.7799,flydsl_mxmoe_g1_a4w4_16x256x256_f16in_nt,0.0,0.0,flydsl_mxmoe_g2_a4w4_16x256x256_atomic_nt,0.0,178.7799,0,0.0,0.0,,gfx950,0,0
256,256,7168,256,385,9,ActivationType.Silu,torch.bfloat16,torch.float4_e2m1fn_x2,torch.float4_e2m1fn_x2,QuantType.per_1x32,1,0,16,0,193.6262,flydsl_mxmoe_g1_a4w4_16x256x256_f16in_nt,0.0,0.0,flydsl_mxmoe_g2_a4w4_16x256x256_atomic_nt,0.0,193.6262,0,0.0,0.0,,gfx950,0,0
256,512,7168,256,385,9,ActivationType.Silu,torch.bfloat16,torch.float4_e2m1fn_x2,torch.float4_e2m1fn_x2,QuantType.per_1x32,1,0,16,0,234.0549,flydsl_mxmoe_g1_a4w4_16x256x256_f16in_nt,0.0,0.0,flydsl_mxmoe_g2_a4w4_16x256x256_atomic_nt,0.0,234.0549,0,0.0,0.0,,gfx950,0,0
256,1024,7168,256,385,9,ActivationType.Silu,torch.bfloat16,torch.float4_e2m1fn_x2,torch.float4_e2m1fn_x2,QuantType.per_1x32,1,0,32,0,285.8307,flydsl_mxmoe_g1_a4w4_32x256x256_nt,0.0,0.0,flydsl_mxmoe_g2_a4w4_32x256x256_atomic_nt,0.0,285.8307,0,0.0,0.0,,gfx950,0,0
256,2048,7168,256,385,9,ActivationType.Silu,torch.bfloat16,torch.float4_e2m1fn_x2,torch.float4_e2m1fn_x2,QuantType.per_1x32,1,0,64,0,398.9389,flydsl_mxmoe_g1_a4w4_64x256x256,0.0,0.0,flydsl_mxmoe_g2_a4w4_64x256x256_cshuffle,0.0,398.9389,0,0.0,0.0,,gfx950,0,0
256,4096,7168,256,385,9,ActivationType.Silu,torch.bfloat16,torch.float4_e2m1fn_x2,torch.float4_e2m1fn_x2,QuantType.per_1x32,1,0,128,0,523.7885,flydsl_mxmoe_g1_a4w4_128x256x256,0.0,0.0,flydsl_mxmoe_g2_a4w4_128x256x256,0.0,523.7885,0,0.0,0.0,,gfx950,0,0
256,8192,7168,256,385,9,ActivationType.Silu,torch.bfloat16,torch.float4_e2m1fn_x2,torch.float4_e2m1fn_x2,QuantType.per_1x32,1,0,128,0,917.0662,flydsl_mxmoe_g1_a4w4_128x256x256,0.0,0.0,flydsl_mxmoe_g2_a4w4_128x256x256,0.0,917.0662,0,0.0,0.0,,gfx950,0,0
256,16384,7168,256,385,9,ActivationType.Silu,torch.bfloat16,torch.float4_e2m1fn_x2,torch.float4_e2m1fn_x2,QuantType.per_1x32,1,0,128,0,1709.3154,flydsl_mxmoe_g1_a4w4_128x256x256,0.0,0.0,flydsl_mxmoe_g2_a4w4_128x256x256_f4out,0.0,1709.3154,0,0.0,0.0,,gfx950,0,0
256,32768,7168,256,385,9,ActivationType.Silu,torch.bfloat16,torch.float4_e2m1fn_x2,torch.float4_e2m1fn_x2,QuantType.per_1x32,1,0,128,0,3010.2694,flydsl_mxmoe_g1_a4w4_128x256x256,0.0,0.0,flydsl_mxmoe_g2_a4w4_128x256x256_f4out,0.0,3010.2694,0,0.0,0.0,,gfx950,0,0
256,1,7168,1024,385,9,ActivationType.Silu,torch.bfloat16,torch.float4_e2m1fn_x2,torch.float4_e2m1fn_x2,QuantType.per_1x32,1,0,16,0,34.0549,flydsl_mxmoe_g1_a4w4_16x256x256_f16in_nt,0.0,0.0,flydsl_mxmoe_g2_a4w4_16x256x256_atomic_nt,0.0,34.0549,0,0.0,0.0,,gfx950,0,0
256,2,7168,1024,385,9,ActivationType.Silu,torch.bfloat16,torch.float4_e2m1fn_x2,torch.float4_e2m1fn_x2,QuantType.per_1x32,1,0,16,0,43.5532,flydsl_mxmoe_g1_a4w4_16x256x256_f16in_nt,0.0,0.0,flydsl_mxmoe_g2_a4w4_16x256x256_atomic,0.0,43.5532,0,0.0,0.0,,gfx950,0,0
256,4,7168,1024,385,9,ActivationType.Silu,torch.bfloat16,torch.float4_e2m1fn_x2,torch.float4_e2m1fn_x2,QuantType.per_1x32,1,0,16,0,81.6003,flydsl_mxmoe_g1_a4w4_16x256x256_f16in_nt,0.0,0.0,flydsl_mxmoe_g2_a4w4_16x256x256_atomic,0.0,81.6003,0,0.0,0.0,,gfx950,0,0
256,8,7168,1024,385,9,ActivationType.Silu,torch.bfloat16,torch.float4_e2m1fn_x2,torch.float4_e2m1fn_x2,QuantType.per_1x32,1,0,16,0,139.7099,flydsl_mxmoe_g1_a4w4_16x256x256_f16in_nt,0.0,0.0,flydsl_mxmoe_g2_a4w4_16x256x256_atomic,0.0,139.7099,0,0.0,0.0,,gfx950,0,0
256,16,7168,1024,385,9,ActivationType.Silu,torch.bfloat16,torch.float4_e2m1fn_x2,torch.float4_e2m1fn_x2,QuantType.per_1x32,1,0,16,0,223.9224,flydsl_mxmoe_g1_a4w4_16x256x256_f16in_nt,0.0,0.0,flydsl_mxmoe_g2_a4w4_16x256x256_atomic_nt,0.0,223.9224,0,0.0,0.0,,gfx950,0,0
256,32,7168,1024,385,9,ActivationType.Silu,torch.bfloat16,torch.float4_e2m1fn_x2,torch.float4_e2m1fn_x2,QuantType.per_1x32,1,0,16,0,360.7107,flydsl_mxmoe_g1_a4w4_16x256x256_f16in_nt,0.0,0.0,flydsl_mxmoe_g2_a4w4_16x256x256_atomic_nt,0.0,360.7107,0,0.0,0.0,,gfx950,0,0
256,64,7168,1024,385,9,ActivationType.Silu,torch.bfloat16,torch.float4_e2m1fn_x2,torch.float4_e2m1fn_x2,QuantType.per_1x32,1,0,16,0,532.4863,flydsl_mxmoe_g1_a4w4_16x256x256_f16in_nt,0.0,0.0,flydsl_mxmoe_g2_a4w4_16x256x256_atomic_nt,0.0,532.4863,0,0.0,0.0,,gfx950,0,0
256,128,7168,1024,385,9,ActivationType.Silu,torch.bfloat16,torch.float4_e2m1fn_x2,torch.float4_e2m1fn_x2,QuantType.per_1x32,1,0,16,0,666.868,flydsl_mxmoe_g1_a4w4_16x256x256_f16in_nt,0.0,0.0,flydsl_mxmoe_g2_a4w4_16x256x256_atomic_nt,0.0,666.868,0,0.0,0.0,,gfx950,0,0
256,256,7168,1024,385,9,ActivationType.Silu,torch.bfloat16,torch.float4_e2m1fn_x2,torch.float4_e2m1fn_x2,QuantType.per_1x32,1,0,32,0,724.6425,flydsl_mxmoe_g1_a4w4_32x256x256_nt,0.0,0.0,flydsl_mxmoe_g2_a4w4_32x256x256_atomic_nt,0.0,724.6425,0,0.0,0.0,,gfx950,0,0
256,512,7168,1024,385,9,ActivationType.Silu,torch.bfloat16,torch.float4_e2m1fn_x2,torch.float4_e2m1fn_x2,QuantType.per_1x32,1,0,32,0,745.0888,flydsl_mxmoe_g1_a4w4_32x256x256_nt,0.0,0.0,flydsl_mxmoe_g2_a4w4_32x256x256_atomic_nt,0.0,745.0888,0,0.0,0.0,,gfx950,0,0
256,1024,7168,1024,385,9,ActivationType.Silu,torch.bfloat16,torch.float4_e2m1fn_x2,torch.float4_e2m1fn_x2,QuantType.per_1x32,1,0,32,0,824.1345,flydsl_mxmoe_g1_a4w4_32x256x256_nt,0.0,0.0,flydsl_mxmoe_g2_a4w4_32x256x256_atomic_nt,0.0,824.1345,0,0.0,0.0,,gfx950,0,0
256,2048,7168,1024,385,9,ActivationType.Silu,torch.bfloat16,torch.float4_e2m1fn_x2,torch.float4_e2m1fn_x2,QuantType.per_1x32,1,0,64,0,1019.5137,flydsl_mxmoe_g1_a4w4_64x256x256,0.0,0.0,flydsl_mxmoe_g2_a4w4_64x256x256_atomic_nt,0.0,1019.5137,0,0.0,0.0,,gfx950,0,0
256,4096,7168,1024,385,9,ActivationType.Silu,torch.bfloat16,torch.float4_e2m1fn_x2,torch.float4_e2m1fn_x2,QuantType.per_1x32,1,0,128,0,1175.5007,flydsl_mxmoe_g1_a4w4_128x256x256,0.0,0.0,flydsl_mxmoe_g2_a4w4_128x256x256_f4out,0.0,1175.5007,0,0.0,0.0,,gfx950,0,0
256,8192,7168,1024,385,9,ActivationType.Silu,torch.bfloat16,torch.float4_e2m1fn_x2,torch.float4_e2m1fn_x2,QuantType.per_1x32,1,0,128,0,1852.7549,flydsl_mxmoe_g1_a4w4_128x256x256,0.0,0.0,flydsl_mxmoe_g2_a4w4_128x256x256_f4out,0.0,1852.7549,0,0.0,0.0,,gfx950,0,0
256,16384,7168,1024,385,9,ActivationType.Silu,torch.bfloat16,torch.float4_e2m1fn_x2,torch.float4_e2m1fn_x2,QuantType.per_1x32,1,0,128,0,3058.5423,flydsl_mxmoe_g1_a4w4_128x256x256,0.0,0.0,flydsl_mxmoe_g2_a4w4_128x256x256_f4out,0.0,3058.5423,0,0.0,0.0,,gfx950,0,0
256,32768,7168,1024,385,9,ActivationType.Silu,torch.bfloat16,torch.float4_e2m1fn_x2,torch.float4_e2m1fn_x2,QuantType.per_1x32,1,0,128,0,5778.4006,flydsl_mxmoe_g1_a4w4_128x256x256,0.0,0.0,flydsl_mxmoe_g2_a4w4_128x256x256,0.0,5778.4006,0,0.0,0.0,,gfx950,0,0
